{"cameraMode":{"drawMode":0,"name":"Shaded","section":"Shading Mode"},"sceneLighting":true,"audioPlay":false,"sceneViewState":{"m_AlwaysRefresh":false,"showFog":true,"showSkybox":true,"showFlares":true,"showImageEffects":true,"showParticleSystems":true,"showVisualEffectGraphs":true,"m_FxEnabled":true},"in2DMode":false,"pivot":{"x":0.47296810150146487,"y":0.5962285995483398,"z":-0.8396739959716797},"rotation":{"x":-0.07599929720163346,"y":0.9121831655502319,"z":-0.19758334755897523,"w":-0.35086607933044436},"size":6.310063362121582,"orthographic":false}